1	spec/core/io/advise_spec.rb	1 file, 13 examples, 13 expectations, 3 failures, 3 errors, 0 tagged		5589
1	spec/core/io/binwrite_spec.rb	1 file, 12 examples, 11 expectations, 0 failures, 5 errors, 0 tagged		6179
0	spec/core/io/buffer/bit_count_spec.rb	1 file, 0 examples, 0 expectations, 0 failures, 0 errors, 0 tagged		7401
1	spec/core/io/binread_spec.rb	1 file, 8 examples, 8 expectations, 1 failure, 0 errors, 0 tagged		7620
1	spec/core/io/buffer/and_spec.rb	1 file, 8 examples, 14 expectations, 2 failures, 2 errors, 0 tagged		8306
1	spec/core/io/binmode_spec.rb	1 file, 17 examples, 21 expectations, 5 failures, 0 errors, 0 tagged		8440
0	spec/core/io/buffer/empty_spec.rb	1 file, 14 examples, 15 expectations, 0 failures, 0 errors, 0 tagged		8549
1	spec/core/io/autoclose_spec.rb	1 file, 8 examples, 11 expectations, 2 failures, 0 errors, 0 tagged		8953
1	spec/core/io/buffer/for_spec.rb	1 file, 7 examples, 22 expectations, 4 failures, 0 errors, 0 tagged		7291
0	spec/core/io/buffer/external_spec.rb	1 file, 3 examples, 3 expectations, 0 failures, 0 errors, 0 tagged		8967
0	spec/core/io/buffer/internal_spec.rb	1 file, 3 examples, 3 expectations, 0 failures, 0 errors, 0 tagged		7410
1	spec/core/io/buffer/locked_spec.rb	1 file, 7 examples, 12 expectations, 0 failures, 1 error, 0 tagged		7774
1	spec/core/io/buffer/free_spec.rb	1 file, 11 examples, 19 expectations, 3 failures, 0 errors, 0 tagged		9596
0	spec/core/io/buffer/mapped_spec.rb	1 file, 3 examples, 3 expectations, 0 failures, 0 errors, 0 tagged		8706
1	spec/core/io/buffer/map_spec.rb	1 file, 23 examples, 15 expectations, 3 failures, 18 errors, 0 tagged		9906
1	spec/core/io/buffer/null_spec.rb	1 file, 14 examples, 15 expectations, 3 failures, 0 errors, 0 tagged		7182
0	spec/core/io/buffer/not_spec.rb	1 file, 4 examples, 7 expectations, 0 failures, 0 errors, 0 tagged		9009
0	spec/core/io/buffer/private_spec.rb	1 file, 3 examples, 3 expectations, 0 failures, 0 errors, 0 tagged		7609
1	spec/core/io/buffer/or_spec.rb	1 file, 8 examples, 14 expectations, 2 failures, 2 errors, 0 tagged		9861
1	spec/core/io/buffer/readonly_spec.rb	1 file, 4 examples, 4 expectations, 1 failure, 0 errors, 0 tagged		10266
1	spec/core/io/buffer/shared_spec.rb	1 file, 4 examples, 4 expectations, 1 failure, 0 errors, 0 tagged		9067
1	spec/core/io/buffer/resize_spec.rb	1 file, 15 examples, 15 expectations, 2 failures, 5 errors, 0 tagged		11768
1	spec/core/io/buffer/transfer_spec.rb	1 file, 10 examples, 18 expectations, 9 failures, 0 errors, 0 tagged		8783
0	spec/core/io/buffer/write_spec.rb	1 file, 4 examples, 8 expectations, 0 failures, 0 errors, 0 tagged		8132
1	spec/core/io/buffer/valid_spec.rb	1 file, 13 examples, 20 expectations, 3 failures, 0 errors, 0 tagged		10028
1	spec/core/io/buffer/string_spec.rb	1 file, 7 examples, 11 expectations, 2 failures, 2 errors, 0 tagged		12121
0	spec/core/io/closed_spec.rb	1 file, 2 examples, 2 expectations, 0 failures, 0 errors, 0 tagged		6505
1	spec/core/io/buffer/xor_spec.rb	1 file, 8 examples, 14 expectations, 2 failures, 2 errors, 0 tagged		9543
1	spec/core/io/close_on_exec_spec.rb	1 file, 9 examples, 8 expectations, 2 failures, 1 error, 0 tagged		7924
1	spec/core/io/close_read_spec.rb	1 file, 6 examples, 4 expectations, 0 failures, 2 errors, 0 tagged		7450
1	spec/core/io/close_write_spec.rb	1 file, 7 examples, 5 expectations, 0 failures, 2 errors, 0 tagged		6632
1	spec/core/io/copy_stream_spec.rb	1 file, 0 examples, 0 expectations, 0 failures, 1 error, 0 tagged		6632
1	spec/core/io/close_spec.rb	1 file, 11 examples, 10 expectations, 1 failure, 5 errors, 0 tagged		8128
0	spec/core/io/constants_spec.rb	1 file, 3 examples, 3 expectations, 0 failures, 0 errors, 0 tagged		8306
1	spec/core/io/each_byte_spec.rb	1 file, 5 examples, 3 expectations, 0 failures, 2 errors, 0 tagged		7407
1	spec/core/io/dup_spec.rb	1 file, 7 examples, 13 expectations, 2 failures, 0 errors, 0 tagged		8179
1	spec/core/io/buffer/initialize_spec.rb	1 file, 14 examples, 37 expectations, 4 failures, 2 errors, 0 tagged		39816
0	spec/core/io/each_char_spec.rb	1 file, 8 examples, 10 expectations, 0 failures, 0 errors, 0 tagged		8662
0	spec/core/io/eof_spec.rb	1 file, 15 examples, 18 expectations, 0 failures, 0 errors, 0 tagged		7970
1	spec/core/io/each_spec.rb	1 file, 1 example, 1 expectation, 1 failure, 0 errors, 0 tagged		8481
0	spec/core/io/each_codepoint_spec.rb	1 file, 10 examples, 11 expectations, 0 failures, 0 errors, 0 tagged		10571
1	spec/core/io/each_line_spec.rb	1 file, 31 examples, 33 expectations, 7 failures, 0 errors, 0 tagged		11620
0	spec/core/io/fcntl_spec.rb	1 file, 1 example, 1 expectation, 0 failures, 0 errors, 0 tagged		9945
0	spec/core/io/fileno_spec.rb	1 file, 2 examples, 2 expectations, 0 failures, 0 errors, 0 tagged		8459
0	spec/core/io/fdatasync_spec.rb	1 file, 0 examples, 0 expectations, 0 failures, 0 errors, 0 tagged		8565
1	spec/core/io/external_encoding_spec.rb	1 file, 60 examples, 60 expectations, 1 failure, 0 errors, 0 tagged		12547
1	spec/core/io/flush_spec.rb	1 file, 2 examples, 2 expectations, 0 failures, 2 errors, 0 tagged		8448
1	spec/core/io/foreach_spec.rb	1 file, 38 examples, 53 expectations, 18 failures, 7 errors, 0 tagged		9616
1	spec/core/io/for_fd_spec.rb	1 file, 57 examples, 25 expectations, 3 failures, 110 errors, 0 tagged		11169
1	spec/core/io/fsync_spec.rb	1 file, 2 examples, 2 expectations, 1 failure, 0 errors, 0 tagged		9884
1	spec/core/io/getbyte_spec.rb	1 file, 6 examples, 6 expectations, 0 failures, 1 error, 0 tagged		9199
0	spec/core/io/getc_spec.rb	1 file, 4 examples, 5 expectations, 0 failures, 0 errors, 0 tagged		9651
1	spec/core/io/gets_spec.rb	1 file, 44 examples, 83 expectations, 8 failures, 1 error, 0 tagged		11436
1	spec/core/io/inspect_spec.rb	1 file, 4 examples, 2 expectations, 0 failures, 2 errors, 0 tagged		9093
1	spec/core/io/initialize_spec.rb	1 file, 0 examples, 0 expectations, 0 failures, 8 errors, 0 tagged		11244
0	spec/core/io/io_spec.rb	1 file, 2 examples, 2 expectations, 0 failures, 0 errors, 0 tagged		7535
1	spec/core/io/ioctl_spec.rb	1 file, 3 examples, 2 expectations, 0 failures, 2 errors, 0 tagged		9623
0	spec/core/io/internal_encoding_spec.rb	1 file, 85 examples, 85 expectations, 0 failures, 0 errors, 0 tagged		12602
0	spec/core/io/isatty_spec.rb	1 file, 1 example, 1 expectation, 0 failures, 0 errors, 0 tagged		10132
1	spec/core/io/lineno_spec.rb	1 file, 14 examples, 69 expectations, 4 failures, 0 errors, 0 tagged		9330
1	spec/core/io/nonblock_spec.rb	1 file, 4 examples, 4 expectations, 1 failure, 1 error, 0 tagged		8704
0	spec/core/io/output_spec.rb	1 file, 4 examples, 5 expectations, 0 failures, 0 errors, 0 tagged		7584
1	spec/core/io/open_spec.rb	1 file, 63 examples, 31 expectations, 6 failures, 113 errors, 0 tagged		9546
1	spec/core/io/new_spec.rb	1 file, 58 examples, 26 expectations, 3 failures, 112 errors, 0 tagged		11119
1	spec/core/io/path_spec.rb	1 file, 4 examples, 0 expectations, 0 failures, 4 errors, 0 tagged		7387
1	spec/core/io/pipe_spec.rb	1 file, 26 examples, 40 expectations, 3 failures, 4 errors, 0 tagged		5421
1	spec/core/io/pid_spec.rb	1 file, 3 examples, 3 expectations, 2 failures, 0 errors, 0 tagged		8071
1	spec/core/io/pos_spec.rb	1 file, 8 examples, 11 expectations, 0 failures, 1 error, 0 tagged		8372
0	spec/core/io/printf_spec.rb	1 file, 3 examples, 4 expectations, 0 failures, 0 errors, 0 tagged		7223
1	spec/core/io/print_spec.rb	1 file, 5 examples, 9 expectations, 3 failures, 0 errors, 0 tagged		8953
1	spec/core/io/pread_spec.rb	1 file, 24 examples, 31 expectations, 5 failures, 7 errors, 0 tagged		10254
1	spec/core/io/putc_spec.rb	1 file, 9 examples, 15 expectations, 1 failure, 0 errors, 0 tagged		10202
1	spec/core/io/puts_spec.rb	1 file, 19 examples, 38 expectations, 5 failures, 0 errors, 0 tagged		9890
1	spec/core/io/pwrite_spec.rb	1 file, 10 examples, 12 expectations, 0 failures, 1 error, 0 tagged		9172
1	spec/core/io/readbyte_spec.rb	1 file, 3 examples, 3 expectations, 0 failures, 1 error, 0 tagged		9020
1	spec/core/io/readchar_spec.rb	1 file, 14 examples, 9 expectations, 6 failures, 5 errors, 0 tagged		10354
1	spec/core/io/readline_spec.rb	1 file, 12 examples, 13 expectations, 4 failures, 1 error, 0 tagged		8671
1	spec/core/io/readlines_spec.rb	1 file, 59 examples, 66 expectations, 20 failures, 7 errors, 0 tagged		11415
1	spec/core/io/read_nonblock_spec.rb	1 file, 20 examples, 7 expectations, 0 failures, 18 errors, 0 tagged		10559
1	spec/core/io/readpartial_spec.rb	1 file, 15 examples, 19 expectations, 2 failures, 3 errors, 0 tagged		11607
1	spec/core/io/read_spec.rb	1 file, 110 examples, 155 expectations, 17 failures, 5 errors, 0 tagged		13599
1	spec/core/io/seek_spec.rb	1 file, 16 examples, 21 expectations, 0 failures, 6 errors, 0 tagged		9672
1	spec/core/io/rewind_spec.rb	1 file, 7 examples, 11 expectations, 1 failure, 1 error, 0 tagged		10481
1	spec/core/io/reopen_spec.rb	1 file, 29 examples, 42 expectations, 9 failures, 10 errors, 0 tagged		15601
1	spec/core/io/select_spec.rb	1 file, 19 examples, 21 expectations, 9 failures, 3 errors, 0 tagged		10865
1	spec/core/io/stat_spec.rb	1 file, 3 examples, 2 expectations, 2 failures, 1 error, 0 tagged		7681
1	spec/core/io/set_encoding_spec.rb	1 file, 63 examples, 88 expectations, 42 failures, 4 errors, 0 tagged		10402
1	spec/core/io/set_encoding_by_bom_spec.rb	1 file, 16 examples, 89 expectations, 2 failures, 1 error, 0 tagged		11916
1	spec/core/io/sync_spec.rb	1 file, 8 examples, 11 expectations, 1 failure, 0 errors, 0 tagged		7416
1	spec/core/io/sysopen_spec.rb	1 file, 6 examples, 8 expectations, 1 failure, 6 errors, 0 tagged		7431
1	spec/core/io/sysseek_spec.rb	1 file, 13 examples, 12 expectations, 1 failure, 5 errors, 0 tagged		6249
1	spec/core/io/sysread_spec.rb	1 file, 17 examples, 28 expectations, 1 failure, 1 error, 0 tagged		8024
0	spec/core/io/tell_spec.rb	1 file, 1 example, 1 expectation, 0 failures, 0 errors, 0 tagged		6395
0	spec/core/io/to_i_spec.rb	1 file, 1 example, 1 expectation, 0 failures, 0 errors, 0 tagged		6320
1	spec/core/io/syswrite_spec.rb	1 file, 18 examples, 20 expectations, 2 failures, 3 errors, 0 tagged		8502
0	spec/core/io/to_io_spec.rb	1 file, 2 examples, 2 expectations, 0 failures, 0 errors, 0 tagged		8163
1	spec/core/io/to_path_spec.rb	1 file, 1 example, 1 expectation, 0 failures, 1 error, 0 tagged		8306
1	spec/core/io/try_convert_spec.rb	1 file, 7 examples, 9 expectations, 2 failures, 1 error, 0 tagged		8401
1	spec/core/io/tty_spec.rb	1 file, 4 examples, 2 expectations, 0 failures, 1 error, 0 tagged		7657
1	spec/core/io/ungetbyte_spec.rb	1 file, 6 examples, 16 expectations, 3 failures, 0 errors, 0 tagged		8227
1	spec/core/io/ungetc_spec.rb	1 file, 14 examples, 26 expectations, 3 failures, 5 errors, 0 tagged		8564
1	spec/core/io/write_nonblock_spec.rb	1 file, 4 examples, 2 expectations, 0 failures, 31 errors, 0 tagged		10056
1	spec/core/io/popen_spec.rb	1 file, 41 examples, 31 expectations, 18 failures, 11 errors, 0 tagged		56703
1	spec/core/io/write_spec.rb	1 file, 53 examples, 53 expectations, 14 failures, 12 errors, 0 tagged		13064
