0	spec/core/kernel/binding_spec.rb	1 file, 8 examples, 14 expectations, 0 failures, 0 errors, 0 tagged		8025
1	spec/core/kernel/Array_spec.rb	1 file, 14 examples, 22 expectations, 1 failure, 2 errors, 0 tagged		8714
0	spec/core/kernel/autoload_relative_spec.rb	1 file, 0 examples, 0 expectations, 0 failures, 0 errors, 0 tagged		8746
0	spec/core/kernel/abort_spec.rb	1 file, 8 examples, 12 expectations, 0 failures, 0 errors, 0 tagged		8850
0	spec/core/kernel/block_given_spec.rb	1 file, 5 examples, 13 expectations, 0 failures, 0 errors, 0 tagged		9163
1	spec/core/kernel/autoload_spec.rb	1 file, 25 examples, 26 expectations, 5 failures, 2 errors, 0 tagged		12825
1	spec/core/kernel/__callee___spec.rb	1 file, 0 examples, 0 expectations, 0 failures, 1 error, 0 tagged		7034
1	spec/core/kernel/caller_locations_spec.rb	1 file, 17 examples, 39 expectations, 3 failures, 7 errors, 0 tagged		7767
1	spec/core/kernel/backtick_spec.rb	1 file, 8 examples, 16 expectations, 4 failures, 1 error, 0 tagged		17139
0	spec/core/kernel/case_compare_spec.rb	1 file, 10 examples, 30 expectations, 0 failures, 0 errors, 0 tagged		8805
1	spec/core/kernel/catch_spec.rb	1 file, 16 examples, 15 expectations, 0 failures, 3 errors, 0 tagged		11506
1	spec/core/kernel/caller_spec.rb	1 file, 19 examples, 13 expectations, 4 failures, 10 errors, 0 tagged		12622
1	spec/core/kernel/class_spec.rb	1 file, 3 examples, 5 expectations, 1 failure, 0 errors, 0 tagged		7494
1	spec/core/kernel/chomp_spec.rb	1 file, 8 examples, 10 expectations, 8 failures, 0 errors, 0 tagged		12266
0	spec/core/kernel/comparison_spec.rb	1 file, 5 examples, 8 expectations, 0 failures, 0 errors, 0 tagged		8576
1	spec/core/kernel/chop_spec.rb	1 file, 5 examples, 7 expectations, 5 failures, 0 errors, 0 tagged		11561
1	spec/core/kernel/clone_spec.rb	1 file, 30 examples, 34 expectations, 6 failures, 6 errors, 0 tagged		10198
1	spec/core/kernel/define_singleton_method_spec.rb	1 file, 12 examples, 17 expectations, 1 failure, 0 errors, 0 tagged		7773
1	spec/core/kernel/Complex_spec.rb	1 file, 69 examples, 105 expectations, 10 failures, 19 errors, 0 tagged		8753
0	spec/core/kernel/display_spec.rb	1 file, 0 examples, 0 expectations, 0 failures, 0 errors, 0 tagged		7081
0	spec/core/kernel/enum_for_spec.rb	1 file, 1 example, 1 expectation, 0 failures, 0 errors, 0 tagged		7936
0	spec/core/kernel/eql_spec.rb	1 file, 9 examples, 18 expectations, 0 failures, 0 errors, 0 tagged		7665
1	spec/core/kernel/dup_spec.rb	1 file, 17 examples, 16 expectations, 2 failures, 5 errors, 0 tagged		8939
0	spec/core/kernel/equal_value_spec.rb	1 file, 1 example, 6 expectations, 0 failures, 0 errors, 0 tagged		6787
1	spec/core/kernel/__dir___spec.rb	1 file, 6 examples, 6 expectations, 3 failures, 0 errors, 0 tagged		15183
1	spec/core/kernel/extend_spec.rb	1 file, 10 examples, 9 expectations, 0 failures, 2 errors, 0 tagged		7700
0	spec/core/kernel/fail_spec.rb	1 file, 2 examples, 2 expectations, 0 failures, 0 errors, 0 tagged		10360
0	spec/core/kernel/exec_spec.rb	1 file, 3 examples, 3 expectations, 0 failures, 0 errors, 0 tagged		14469
1	spec/core/kernel/Float_spec.rb	1 file, 101 examples, 136 expectations, 5 failures, 13 errors, 0 tagged		12489
1	spec/core/kernel/fork_spec.rb	1 file, 4 examples, 5 expectations, 1 failure, 0 errors, 0 tagged		9597
0	spec/core/kernel/format_spec.rb	1 file, 2 examples, 2 expectations, 0 failures, 0 errors, 0 tagged		9041
1	spec/core/kernel/eval_spec.rb	1 file, 57 examples, 82 expectations, 11 failures, 9 errors, 0 tagged		23950
1	spec/core/kernel/freeze_spec.rb	1 file, 11 examples, 13 expectations, 6 failures, 0 errors, 0 tagged		9699
1	spec/core/kernel/at_exit_spec.rb	1 file, 13 examples, 16 expectations, 2 failures, 0 errors, 0 tagged		55442
1	spec/core/kernel/frozen_spec.rb	1 file, 9 examples, 10 expectations, 8 failures, 0 errors, 0 tagged		9960
1	spec/core/kernel/gets_spec.rb	1 file, 3 examples, 4 expectations, 2 failures, 0 errors, 0 tagged		10335
1	spec/core/kernel/global_variables_spec.rb	1 file, 3 examples, 3 expectations, 1 failure, 0 errors, 0 tagged		10132
0	spec/core/kernel/gsub_spec.rb	1 file, 0 examples, 0 expectations, 0 failures, 0 errors, 0 tagged		9667
1	spec/core/kernel/Hash_spec.rb	1 file, 10 examples, 9 expectations, 4 failures, 6 errors, 0 tagged		9384
1	spec/core/kernel/initialize_copy_spec.rb	1 file, 4 examples, 7 expectations, 0 failures, 2 errors, 0 tagged		7961
1	spec/core/kernel/initialize_clone_spec.rb	1 file, 4 examples, 2 expectations, 2 failures, 3 errors, 0 tagged		8618
1	spec/core/kernel/initialize_dup_spec.rb	1 file, 3 examples, 2 expectations, 2 failures, 2 errors, 0 tagged		7955
1	spec/core/kernel/inspect_spec.rb	1 file, 8 examples, 7 expectations, 3 failures, 1 error, 0 tagged		7173
0	spec/core/kernel/instance_of_spec.rb	1 file, 7 examples, 11 expectations, 0 failures, 0 errors, 0 tagged		7546
1	spec/core/kernel/instance_variable_get_spec.rb	1 file, 17 examples, 19 expectations, 2 failures, 1 error, 0 tagged		5797
0	spec/core/kernel/instance_variable_defined_spec.rb	1 file, 6 examples, 12 expectations, 0 failures, 0 errors, 0 tagged		7459
1	spec/core/kernel/instance_variables_spec.rb	1 file, 5 examples, 9 expectations, 1 failure, 0 errors, 0 tagged		6305
0	spec/core/kernel/is_a_spec.rb	1 file, 10 examples, 16 expectations, 0 failures, 0 errors, 0 tagged		5946
1	spec/core/kernel/exit_spec.rb	1 file, 18 examples, 58 expectations, 1 failure, 0 errors, 0 tagged		37872
1	spec/core/kernel/instance_variable_set_spec.rb	1 file, 15 examples, 16 expectations, 2 failures, 1 error, 0 tagged		9186
0	spec/core/kernel/itself_spec.rb	1 file, 1 example, 1 expectation, 0 failures, 0 errors, 0 tagged		8075
1	spec/core/kernel/lambda_spec.rb	1 file, 17 examples, 25 expectations, 1 failure, 0 errors, 0 tagged		7775
0	spec/core/kernel/kind_of_spec.rb	1 file, 1 example, 1 expectation, 0 failures, 0 errors, 0 tagged		8414
1	spec/core/kernel/Integer_spec.rb	1 file, 244 examples, 260 expectations, 9 failures, 58 errors, 0 tagged		14611
1	spec/core/kernel/match_spec.rb	1 file, 1 example, 1 expectation, 1 failure, 0 errors, 0 tagged		7287
0	spec/core/kernel/local_variables_spec.rb	1 file, 6 examples, 6 expectations, 0 failures, 0 errors, 0 tagged		7958
1	spec/core/kernel/load_spec.rb	1 file, 52 examples, 98 expectations, 5 failures, 2 errors, 0 tagged		10275
1	spec/core/kernel/loop_spec.rb	1 file, 11 examples, 12 expectations, 2 failures, 0 errors, 0 tagged		8292
1	spec/core/kernel/__method___spec.rb	1 file, 0 examples, 0 expectations, 0 failures, 1 error, 0 tagged		9256
1	spec/core/kernel/method_spec.rb	1 file, 16 examples, 23 expectations, 0 failures, 4 errors, 0 tagged		7979
0	spec/core/kernel/methods_spec.rb	1 file, 18 examples, 22 expectations, 0 failures, 0 errors, 0 tagged		9915
1	spec/core/kernel/not_match_spec.rb	1 file, 3 examples, 4 expectations, 1 failure, 0 errors, 0 tagged		8683
0	spec/core/kernel/nil_spec.rb	1 file, 1 example, 5 expectations, 0 failures, 0 errors, 0 tagged		9837
1	spec/core/kernel/object_id_spec.rb	1 file, 13 examples, 13 expectations, 1 failure, 0 errors, 0 tagged		9705
0	spec/core/kernel/print_spec.rb	1 file, 4 examples, 4 expectations, 0 failures, 0 errors, 0 tagged		8002
1	spec/core/kernel/pp_spec.rb	1 file, 1 example, 0 expectations, 1 failure, 0 errors, 0 tagged		14166
0	spec/core/kernel/private_methods_spec.rb	1 file, 11 examples, 15 expectations, 0 failures, 0 errors, 0 tagged		8956
0	spec/core/kernel/proc_spec.rb	1 file, 8 examples, 10 expectations, 0 failures, 0 errors, 0 tagged		8280
1	spec/core/kernel/open_spec.rb	1 file, 17 examples, 18 expectations, 6 failures, 8 errors, 0 tagged		16420
0	spec/core/kernel/protected_methods_spec.rb	1 file, 11 examples, 15 expectations, 0 failures, 0 errors, 0 tagged		9267
1	spec/core/kernel/p_spec.rb	1 file, 10 examples, 25 expectations, 1 failure, 0 errors, 0 tagged		9380
0	spec/core/kernel/printf_spec.rb	1 file, 331 examples, 1064 expectations, 0 failures, 0 errors, 0 tagged		15165
0	spec/core/kernel/public_methods_spec.rb	1 file, 13 examples, 18 expectations, 0 failures, 0 errors, 0 tagged		7286
1	spec/core/kernel/public_method_spec.rb	1 file, 10 examples, 11 expectations, 3 failures, 3 errors, 0 tagged		9446
1	spec/core/kernel/public_send_spec.rb	1 file, 25 examples, 32 expectations, 2 failures, 2 errors, 0 tagged		7223
1	spec/core/kernel/putc_spec.rb	1 file, 11 examples, 17 expectations, 1 failure, 0 errors, 0 tagged		7831
1	spec/core/kernel/puts_spec.rb	1 file, 3 examples, 3 expectations, 1 failure, 0 errors, 0 tagged		7752
1	spec/core/kernel/Rational_spec.rb	1 file, 36 examples, 36 expectations, 3 failures, 25 errors, 0 tagged		8557
1	spec/core/kernel/raise_spec.rb	1 file, 45 examples, 107 expectations, 5 failures, 2 errors, 0 tagged		9965
1	spec/core/kernel/readlines_spec.rb	1 file, 2 examples, 2 expectations, 2 failures, 0 errors, 0 tagged		7148
1	spec/core/kernel/remove_instance_variable_spec.rb	1 file, 11 examples, 12 expectations, 1 failure, 2 errors, 0 tagged		7259
1	spec/core/kernel/rand_spec.rb	1 file, 28 examples, 2016 expectations, 3 failures, 16 errors, 0 tagged		12383
1	spec/core/kernel/readline_spec.rb	1 file, 2 examples, 2 expectations, 2 failures, 0 errors, 0 tagged		9290
1	spec/core/kernel/require_relative_spec.rb	1 file, 55 examples, 116 expectations, 1 failure, 6 errors, 0 tagged		7917
1	spec/core/kernel/respond_to_spec.rb	1 file, 18 examples, 25 expectations, 3 failures, 4 errors, 0 tagged		4999
1	spec/core/kernel/select_spec.rb	1 file, 3 examples, 2 expectations, 0 failures, 1 error, 0 tagged		7177
1	spec/core/kernel/respond_to_missing_spec.rb	1 file, 17 examples, 26 expectations, 2 failures, 0 errors, 0 tagged		9615
1	spec/core/kernel/send_spec.rb	1 file, 21 examples, 26 expectations, 0 failures, 1 error, 0 tagged		6844
1	spec/core/kernel/singleton_method_spec.rb	1 file, 7 examples, 5 expectations, 2 failures, 5 errors, 0 tagged		4917
1	spec/core/kernel/singleton_class_spec.rb	1 file, 10 examples, 11 expectations, 3 failures, 2 errors, 0 tagged		6138
0	spec/core/kernel/set_trace_func_spec.rb	1 file, 2 examples, 2 expectations, 0 failures, 0 errors, 0 tagged		8320
1	spec/core/kernel/singleton_methods_spec.rb	1 file, 85 examples, 105 expectations, 3 failures, 0 errors, 0 tagged		6460
1	spec/core/kernel/String_spec.rb	1 file, 14 examples, 19 expectations, 2 failures, 2 errors, 0 tagged		6365
0	spec/core/kernel/srand_spec.rb	1 file, 12 examples, 14 expectations, 0 failures, 0 errors, 0 tagged		6687
1	spec/core/kernel/sleep_spec.rb	1 file, 15 examples, 13 expectations, 0 failures, 3 errors, 0 tagged		7635
1	spec/core/kernel/spawn_spec.rb	1 file, 3 examples, 3 expectations, 2 failures, 1 error, 0 tagged		8052
1	spec/core/kernel/sprintf_spec.rb	1 file, 173 examples, 1061 expectations, 0 failures, 2 errors, 0 tagged		8598
0	spec/core/kernel/sub_spec.rb	1 file, 0 examples, 0 expectations, 0 failures, 0 errors, 0 tagged		6739
1	spec/core/kernel/syscall_spec.rb	1 file, 2 examples, 2 expectations, 2 failures, 0 errors, 0 tagged		7414
1	spec/core/kernel/taint_spec.rb	1 file, 1 example, 1 expectation, 1 failure, 0 errors, 0 tagged		6044
1	spec/core/kernel/then_spec.rb	1 file, 1 example, 0 expectations, 0 failures, 1 error, 0 tagged		4458
1	spec/core/kernel/tainted_spec.rb	1 file, 1 example, 1 expectation, 1 failure, 0 errors, 0 tagged		6985
1	spec/core/kernel/tap_spec.rb	1 file, 2 examples, 3 expectations, 0 failures, 1 error, 0 tagged		5924
1	spec/core/kernel/test_spec.rb	1 file, 16 examples, 11 expectations, 1 failure, 5 errors, 0 tagged		6844
1	spec/core/kernel/throw_spec.rb	1 file, 10 examples, 11 expectations, 0 failures, 2 errors, 0 tagged		8966
0	spec/core/kernel/to_s_spec.rb	1 file, 1 example, 1 expectation, 0 failures, 0 errors, 0 tagged		5558
0	spec/core/kernel/trap_spec.rb	1 file, 2 examples, 2 expectations, 0 failures, 0 errors, 0 tagged		5937
1	spec/core/kernel/system_spec.rb	1 file, 15 examples, 21 expectations, 7 failures, 3 errors, 0 tagged		13647
1	spec/core/kernel/to_enum_spec.rb	1 file, 7 examples, 12 expectations, 1 failure, 0 errors, 0 tagged		7595
1	spec/core/kernel/trace_var_spec.rb	1 file, 6 examples, 3 expectations, 2 failures, 9 errors, 0 tagged		8189
1	spec/core/kernel/trust_spec.rb	1 file, 1 example, 1 expectation, 1 failure, 0 errors, 0 tagged		7098
1	spec/core/kernel/untaint_spec.rb	1 file, 1 example, 1 expectation, 1 failure, 0 errors, 0 tagged		5503
1	spec/core/kernel/untrusted_spec.rb	1 file, 1 example, 1 expectation, 1 failure, 0 errors, 0 tagged		5993
1	spec/core/kernel/untrust_spec.rb	1 file, 1 example, 1 expectation, 1 failure, 0 errors, 0 tagged		5664
1	spec/core/kernel/untrace_var_spec.rb	1 file, 2 examples, 2 expectations, 2 failures, 0 errors, 0 tagged		8642
1	spec/core/kernel/yield_self_spec.rb	1 file, 3 examples, 2 expectations, 0 failures, 1 error, 0 tagged		7236
1	spec/core/kernel/warn_spec.rb	1 file, 33 examples, 35 expectations, 15 failures, 0 errors, 0 tagged		12517
137	spec/core/kernel/require_spec.rb	NO-TALLY	HANG	90009
